id,product_id,image_url,alt_text,is_primary,sort_order
3,4,https://liyu-kids-mart.vercel.app/media/AgACAgQAAyEGAAMBBKoeyQADA2o74KaAjw3Jozk1TRuJRv_QI2D-AAINDmsbEaDgUS03MCPJo2cYAQADAgADeAADPAQ,,true,0
4,5,https://liyu-kids-mart.vercel.app/media/AgACAgQAAyEGAAMBBKoeyQADBWo9bUOSzfR_qYQYdKZbZymHPDU-AALQD2sb0SvxURN7HQJNCsliAQADAgADeQADPAQ,,true,0
5,6,https://liyu-kids-mart.vercel.app/media/AgACAgQAAyEGAAMBBKoeyQADBmo9bfCqE9qIpo5cnpxmvGvhXwWuAALRD2sb0SvxUUz88D-5utU5AQADAgADeAADPAQ,,true,0
6,7,https://liyu-kids-mart.vercel.app/media/AgACAgQAAyEGAAMBBKoeyQADB2o9bykg6w0M2Miu2wABxcNcbCiLkgAC2A9rG9Er8VHKWRLp0_Ba2wEAAwIAA3kAAzwE,,true,0
7,8,https://liyu-kids-mart.vercel.app/media/AgACAgQAAyEGAAMBBKoeyQADCGo9cG8PJU_4ZrgsS_aZuAjKqPORAAL-D2sb0SvxUfgiDxu8hBhaAQADAgADeAADPAQ,,true,0
8,9,https://liyu-kids-mart.vercel.app/media/AgACAgQAAyEGAAMBBKoeyQADCWo9cUPPVEdEdcfov1PFTXtEFpQ8AAMQaxvRK_FRHXvnVoeiM7oBAAMCAAN5AAM8BA,,true,0
9,10,https://liyu-kids-mart.vercel.app/media/AgACAgQAAyEGAAMBBKoeyQADCmo9ccLPRLhvzt9yVIiNzkeMqVHHAAIBEGsb0SvxUeINRfOpzfgtAQADAgADeQADPAQ,,true,0
10,11,https://liyu-kids-mart.vercel.app/media/AgACAgQAAyEGAAMBBKoeyQADC2o9cxnm2lvA5DKEXUY2nutqPqswAAICEGsb0SvxUWNLY5OVPOJTAQADAgADeQADPAQ,,true,0
11,12,https://liyu-kids-mart.vercel.app/media/AgACAgQAAyEGAAMBBKoeyQADDGo9dAaM52VBRVJk-xPKhdYdBJTwAAIDEGsb0SvxUXJnUvqgxHBcAQADAgADeAADPAQ,,true,0
12,13,https://liyu-kids-mart.vercel.app/media/AgACAgQAAyEGAAMBBKoeyQADDWo9dWEf-Hta1T2__Hp94hWbypycAAIEEGsb0SvxUUqiLaFU5unAAQADAgADeQADPAQ,,true,0
13,14,https://liyu-kids-mart.vercel.app/media/AgACAgQAAyEGAAMBBKoeyQADDmo9dqLiniGMhT1wwRNAugi7tgGlAAIOEGsb0SvxUT05k68xHtutAQADAgADeQADPAQ,,true,0
14,15,https://liyu-kids-mart.vercel.app/media/AgACAgQAAyEGAAMBBKoeyQADD2o9eDG9LLfzHM7z4NmFnOYlVGIXAAIQEGsb0SvxUbA7SJbW40KVAQADAgADeQADPAQ,,true,0
15,16,https://liyu-kids-mart.vercel.app/media/AgACAgQAAyEGAAMBBKoeyQADEGo9eO8unWpUTDoRzmKfOJXJpQ2MAAITEGsb0SvxUbFbym2-6VLnAQADAgADeAADPAQ,,true,0
16,17,https://liyu-kids-mart.vercel.app/media/AgACAgQAAyEGAAMBBKoeyQADEWo9esPQgE-0NT5KHJrHXasXJhSxAAIeEGsb0SvxUdVFJ3U-Y5IbAQADAgADeAADPAQ,,true,0
17,18,https://liyu-kids-mart.vercel.app/media/AgACAgQAAyEGAAMBBKoeyQADEmo9e8w46N-NaLiGGF68JTmhNYt6AAIiEGsb0SvxUWXBCn3buUG-AQADAgADeAADPAQ,,true,0
18,19,https://liyu-kids-mart.vercel.app/media/AgACAgQAAyEGAAMBBKoeyQADE2o9fHicKh-0okKOLGWOLvx9ETOFAAIjEGsb0SvxURk4pZwmAd8hAQADAgADeAADPAQ,,true,0
19,20,https://liyu-kids-mart.vercel.app/media/AgACAgQAAyEGAAMBBKoeyQADFGo9ffyfb1P2yGKbt4e0LVITzmCNAAIkEGsb0SvxUc7wMIYBAAEvaAEAAwIAA20AAzwE,,true,0
20,21,https://liyu-kids-mart.vercel.app/media/AgACAgQAAyEGAAMBBKoeyQADFWo9fvRBZ0PxQUA7NafXazfBmBLkAAInEGsb0SvxUdfrgQ_D5xVAAQADAgADeQADPAQ,,true,0
21,22,https://liyu-kids-mart.vercel.app/media/AgACAgQAAyEGAAMBBKoeyQADFmo9f9tV9H3wrtRQsg_Ohsg5UKhYAAIpEGsb0SvxUWSSW7BSRC8TAQADAgADeQADPAQ,,true,0
22,23,https://liyu-kids-mart.vercel.app/media/AgACAgQAAyEGAAMBBKoeyQADF2o9gKmG957iYact_h8t5BwEYyPJAAIrEGsb0SvxUUhWD0xDdw0NAQADAgADeAADPAQ,,true,0
24,25,https://liyu-kids-mart.vercel.app/media/AgACAgQAAyEGAAMBBKoeyQADGWo9g5sFOOGA4s37OE-5O3OSgMtVAAIyEGsb0SvxUc33II8WKAUdAQADAgADeAADPAQ,,true,0
25,26,https://liyu-kids-mart.vercel.app/media/AgACAgQAAyEGAAMBBKoeyQADGmo9hYi5rqt7Fw5RYXx4gjh32bYmAAI0EGsb0SvxUZb8dizL2A_4AQADAgADeAADPAQ,,true,0
26,27,https://liyu-kids-mart.vercel.app/media/AgACAgQAAyEGAAMBBKoeyQADG2o9hsQVkkzla_XH2JEPs7bMP4TIAAI2EGsb0SvxURPws2E6bds5AQADAgADeAADPAQ,,true,0
27,28,https://liyu-kids-mart.vercel.app/media/AgACAgQAAyEGAAMBBKoeyQADHGpBBa9e8WDBVSGmnjWi39puGdQFAAJ7DmsbNU8JUmhZDY-qk3ShAQADAgADdwADPAQ,,true,0
28,29,https://liyu-kids-mart.vercel.app/media/AgACAgQAAyEGAAMBBKoeyQADHWpBBp7vAocvp2lnvB45Tv0Q7ey3AAJ8DmsbNU8JUlFyqwgGuDtRAQADAgADeAADPAQ,,true,0
29,30,https://liyu-kids-mart.vercel.app/media/AgACAgQAAyEGAAMBBKoeyQADHmpBB4tiRVtxBElFnShdxzlc4mU9AAJ_DmsbNU8JUqIhGiu3ROh2AQADAgADeQADPAQ,,true,0
30,31,https://liyu-kids-mart.vercel.app/media/AgACAgQAAyEGAAMBBKoeyQADH2pBCGSiA5KdG581jGk5bZ_p__DrAAKADmsbNU8JUhNHTmB9eX9GAQADAgADeQADPAQ,,true,0
31,32,https://liyu-kids-mart.vercel.app/media/AgACAgQAAyEGAAMBBKoeyQADIGpBCdnJpXzRHs-E532DhvMMW-tOAAKBDmsbNU8JUrUyrQMj2Om2AQADAgADeQADPAQ,,true,0
32,33,https://liyu-kids-mart.vercel.app/media/AgACAgQAAyEGAAMBBKoeyQADIWpBCvA5yhTi2PCPtKWGu942fqQSAAKDDmsbNU8JUmSm0iUWrpihAQADAgADeQADPAQ,,true,0
33,34,https://liyu-kids-mart.vercel.app/media/AgACAgQAAyEGAAMBBKoeyQADImpBDkwi8L_PsJfxRbUdk1-PG-49AAKLDmsbNU8JUs4Ff8ZW-1syAQADAgADeAADPAQ,,true,0
34,35,https://liyu-kids-mart.vercel.app/media/AgACAgQAAyEGAAMBBKoeyQADI2pBD1gyXSFIGWhWWgABpcY6lVyysAACjA5rGzVPCVIWHO4sdHkwKwEAAwIAA3kAAzwE,,true,0
35,36,https://liyu-kids-mart.vercel.app/media/AgACAgQAAyEGAAMBBKoeyQADJGpBFATMD_DHSkxpqBLp_dtdiXiUAAKUDmsbNU8JUkmDybPzKmoaAQADAgADeAADPAQ,,true,0
36,37,https://liyu-kids-mart.vercel.app/media/AgACAgQAAyEGAAMBBKoeyQADJWpBFRFx_13FSDUttRZHTTFq_VOCAAKVDmsbNU8JUgmGM2VwdbpxAQADAgADeAADPAQ,,true,0
37,37,https://liyu-kids-mart.vercel.app/media/AgACAgQAAyEGAAMBBKoeyQADJmpBFRJQIUbXCwsma1ax7hZjYoOYAAKWDmsbNU8JUrKs0R5rwLKxAQADAgADeAADPAQ,,false,1
38,38,https://liyu-kids-mart.vercel.app/media/AgACAgQAAyEGAAMBBKoeyQADJ2pBFzIYPV73LIapwnqeVDs1-QuOAAKZDmsbNU8JUjZmE3Yc0dLSAQADAgADeAADPAQ,,true,0
39,39,https://liyu-kids-mart.vercel.app/media/AgACAgQAAyEGAAMBBKoeyQADJ2pBFzIYPV73LIapwnqeVDs1-QuOAAKZDmsbNU8JUjZmE3Yc0dLSAQADAgADeAADPAQ,,true,0
40,40,https://liyu-kids-mart.vercel.app/media/AgACAgQAAyEGAAMBBKoeyQADKWpBGS6JqEpVTD2jlq9ZPd_wwfs7AAKbDmsbNU8JUnMNPAE-K1NjAQADAgADeQADPAQ,,true,0
41,40,https://liyu-kids-mart.vercel.app/media/AgACAgQAAyEGAAMBBKoeyQADKmpBGS83nQ48sZlMZJ1stUkXaajnAAKcDmsbNU8JUs-79M1LYMheAQADAgADeAADPAQ,,false,1
42,41,https://liyu-kids-mart.vercel.app/media/AgACAgQAAyEGAAMBBKoeyQADLmpCQSqh_YOGcNIuVMyipkN3iizxAAL3DmsbNU8RUqJdp7Yl4bvMAQADAgADeAADPAQ,,true,0
43,42,https://liyu-kids-mart.vercel.app/media/AgACAgQAAyEGAAMBBKoeyQADL2pCQyrSaoKIe9B4Wvjp6lFf7GmgAAL4DmsbNU8RUhWomD_QGbinAQADAgADeAADPAQ,,true,0
44,42,https://liyu-kids-mart.vercel.app/media/AgACAgQAAyEGAAMBBKoeyQADMGpCQyqYOeTFS48lhnBp-k9wD58aAAL5DmsbNU8RUv3r5r1-NRMIAQADAgADeAADPAQ,,false,1
45,43,https://liyu-kids-mart.vercel.app/media/AgACAgQAAyEGAAMBBKoeyQADMWpCQ94ZvPWloC60bAMr2IAyNu4iAAL7DmsbNU8RUuQ4BKzHEMskAQADAgADeAADPAQ,,true,0
46,43,https://liyu-kids-mart.vercel.app/media/AgACAgQAAyEGAAMBBKoeyQADMmpCQ98LCdp_xpeQ0wMZXfMlWsl1AAL8DmsbNU8RUgGglhpPkq6bAQADAgADeAADPAQ,,false,1
47,43,https://liyu-kids-mart.vercel.app/media/AgACAgQAAyEGAAMBBKoeyQADM2pCQ9-9Spi8of4bmIFXppkYOcjgAAL9DmsbNU8RUuqgEuXVlSUvAQADAgADeAADPAQ,,false,2
48,44,https://liyu-kids-mart.vercel.app/media/AgACAgQAAyEGAAMBBKoeyQADNGpCRMoafNARKx1EZseFdSwDGzsXAAL_DmsbNU8RUnf-H7BexSVVAQADAgADeAADPAQ,,true,0
49,44,https://liyu-kids-mart.vercel.app/media/AgACAgQAAyEGAAMBBKoeyQADNWpCRMvgNAjQE2a1si4kzZFp_pobAAMPaxs1TxFSts5fW8b-_HoBAAMCAAN4AAM8BA,,false,1
50,45,https://liyu-kids-mart.vercel.app/media/AgACAgQAAyEGAAMBBKoeyQADNmpCRuTqw2w4v-O7uAWGIQdz_95tAAIED2sbNU8RUtEWWnhErtGAAQADAgADeQADPAQ,,true,0
51,45,https://liyu-kids-mart.vercel.app/media/AgACAgQAAyEGAAMBBKoeyQADNmpCRuTqw2w4v-O7uAWGIQdz_95tAAIED2sbNU8RUtEWWnhErtGAAQADAgADeQADPAQ,,false,1
52,46,https://liyu-kids-mart.vercel.app/media/AgACAgQAAyEGAAMBBKoeyQADOGpCShplIdKSkQ314SPD1D4bZ2kYAAIND2sbNU8RUowLgPIYb2nbAQADAgADeAADPAQ,,true,0
53,47,https://liyu-kids-mart.vercel.app/media/AgACAgQAAyEGAAMBBKoeyQADOWpCTEdZkTse2Zvvwk684UvdoUz8AAIRD2sbNU8RUix3ozVSAd7DAQADAgADeQADPAQ,,true,0
54,48,https://liyu-kids-mart.vercel.app/media/AgACAgQAAyEGAAMBBKoeyQADOmpCTQAB_DKKoIqqMV0s6NDROR-YwQACEg9rGzVPEVL5o4N66X2yuAEAAwIAA3cAAzwE,,true,0
55,49,https://liyu-kids-mart.vercel.app/media/AgACAgQAAyEGAAMBBKoeyQADO2pCTpYR9_a64hF2F1FISaf5j0DgAAIVD2sbNU8RUglkvS7VHrP9AQADAgADeQADPAQ,,true,0
56,50,https://liyu-kids-mart.vercel.app/media/AgACAgQAAyEGAAMBBKoeyQADPGpCT9kTgVmcpsnjV7h1gk9JscyHAAIXD2sbNU8RUhvqQTHmPCbEAQADAgADeQADPAQ,,true,0
57,50,https://liyu-kids-mart.vercel.app/media/AgACAgQAAyEGAAMBBKoeyQADPWpCT9pIqTeuy8HFsrnpTm7Huaf5AAIYD2sbNU8RUirL36hicYbxAQADAgADeQADPAQ,,false,1
58,51,https://liyu-kids-mart.vercel.app/media/AgACAgQAAyEGAAMBBKoeyQADPmpCUc6hA5AgzIBsTXE1vTzmwdiqAAIbD2sbNU8RUitJdq4UAQViAQADAgADeAADPAQ,,true,0
59,51,https://liyu-kids-mart.vercel.app/media/AgACAgQAAyEGAAMBBKoeyQADP2pCUc96VLjP9oDqjjvknhyvfjA9AAIcD2sbNU8RUt1TxqQtYbiPAQADAgADeQADPAQ,,false,1
60,52,https://liyu-kids-mart.vercel.app/media/AgACAgQAAyEGAAMBBKoeyQADQGpCUr6DX3JFUIvPBzdfA8SJg2QeAAIdD2sbNU8RUjPbcfy5QQABLgEAAwIAA3gAAzwE,,true,0
61,53,https://liyu-kids-mart.vercel.app/media/AgACAgQAAyEGAAMBBKoeyQADQWpCVIvbCZovNhyD6vKnfLQfvFqeAAIeD2sbNU8RUpaXjJQ8zD9aAQADAgADeQADPAQ,,true,0
63,55,https://liyu-kids-mart.vercel.app/media/AgACAgQAAyEGAAMBBKoeyQADQ2pCVmEMto61oE7RdwX6psVS8RVvAAIiD2sbNU8RUtk3U_N3Kd1pAQADAgADeAADPAQ,,true,0
64,56,https://liyu-kids-mart.vercel.app/media/AgACAgQAAyEGAAMBBKoeyQADRGpCV3BRnpwBu12YRdheXla6l0IsAAIjD2sbNU8RUgeY-RNt7GoCAQADAgADeQADPAQ,,true,0
65,56,https://liyu-kids-mart.vercel.app/media/AgACAgQAAyEGAAMBBKoeyQADRWpCV3FihHJ9rVF7NRymx0JhmNP6AAIkD2sbNU8RUiNIB8Qu9JxZAQADAgADeAADPAQ,,false,1
66,57,https://liyu-kids-mart.vercel.app/media/AgACAgQAAyEGAAMBBKoeyQADRmpCWWtSQVyv5_MtuJIyfIPDd_ZRAAIlD2sbNU8RUihqBidBUxyoAQADAgADeQADPAQ,,true,0
67,58,https://liyu-kids-mart.vercel.app/media/AgACAgQAAyEGAAMBBKoeyQADR2pCWnD1BQ0MuryAY7AtXEPFE4W6AAImD2sbNU8RUlLbkRWZMKgIAQADAgADeAADPAQ,,true,0
68,58,https://liyu-kids-mart.vercel.app/media/AgACAgQAAyEGAAMBBKoeyQADSGpCWnGJyG-3P3PspHd3-9aw4zyNAAInD2sbNU8RUn25OyumorzlAQADAgADeAADPAQ,,false,1
69,59,https://liyu-kids-mart.vercel.app/media/AgACAgQAAyEGAAMBBKoeyQADSWpCXC-meP6MjZzoUVfYlXGCWuzFAAIqD2sbNU8RUoz974wjZeS1AQADAgADeAADPAQ,,true,0
70,60,https://liyu-kids-mart.vercel.app/media/AgACAgQAAyEGAAMBBKoeyQADSmpCXXLwjRf4qnkmH-sbOKNsTB2YAAIsD2sbNU8RUjxcvOQfcR2sAQADAgADeAADPAQ,,true,0
71,61,https://liyu-kids-mart.vercel.app/media/AgACAgQAAyEGAAMBBKoeyQADS2pCXyTuvIjJIk8wN8m-jEbMzAdxAAItD2sbNU8RUm2r20LFqc0vAQADAgADeQADPAQ,,true,0
72,62,https://liyu-kids-mart.vercel.app/media/AgACAgQAAyEGAAMBBKoeyQADTGpCX-rhIdfEJfo1JEJEpE0uVhDBAAIuD2sbNU8RUlQQx7JjqTPSAQADAgADdwADPAQ,,true,0
73,63,https://liyu-kids-mart.vercel.app/media/AgACAgQAAyEGAAMBBKoeyQADTWpCYNfdsteXQohyf-yw1yNhV9tzAAIvD2sbNU8RUhIs_h_fLdAaAQADAgADeAADPAQ,,true,0
74,64,https://liyu-kids-mart.vercel.app/media/AgACAgQAAyEGAAMBBKoeyQADTmpCYb0R8nKIfMUcG3d9LgcNOfH9AAIxD2sbNU8RUjWAlIdNZS0SAQADAgADdwADPAQ,,true,0
75,65,https://liyu-kids-mart.vercel.app/media/AgACAgQAAyEGAAMBBKoeyQADT2pCZnzxYdlr3-EUsNCXJoN7UrFcAAI1D2sbNU8RUlGRQzRHHu5XAQADAgADeAADPAQ,,true,0
76,66,https://liyu-kids-mart.vercel.app/media/AgACAgQAAyEGAAMBBKoeyQADUGpCZ9R-2pnrutNfUE-xndllfzQkAAI3D2sbNU8RUgaXqYFab9o1AQADAgADeQADPAQ,,true,0
77,66,https://liyu-kids-mart.vercel.app/media/AgACAgQAAyEGAAMBBKoeyQADUWpCZ9So66YjukDkoAc0lzq1MVLkAAI4D2sbNU8RUhuS7NZPFh8oAQADAgADeAADPAQ,,false,1
78,67,https://liyu-kids-mart.vercel.app/media/AgACAgQAAyEGAAMBBKoeyQADUmpCaQ1l4OJ3j49l96Ru7AtfFqgoAAI9D2sbNU8RUrro1Zp8W7UyAQADAgADeAADPAQ,,true,0
79,68,https://liyu-kids-mart.vercel.app/media/AgACAgQAAyEGAAMBBKoeyQADU2pCbCiTVgzFfZLvoUTLyvGBjssBAAJBD2sbNU8RUtRKGMtruCEMAQADAgADeAADPAQ,,true,0
80,68,https://liyu-kids-mart.vercel.app/media/AgACAgQAAyEGAAMBBKoeyQADVGpCbClLzYsKanVzb7pe-MGHlSSgAAJCD2sbNU8RUv3rf8y_xBcTAQADAgADeAADPAQ,,false,1
81,69,https://liyu-kids-mart.vercel.app/media/AgACAgQAAyEGAAMBBKoeyQADVWpCbPXiHJiiGi8tth5jP3DKEyJ-AAJDD2sbNU8RUslzC6Vs2iOwAQADAgADeAADPAQ,,true,0
82,69,https://liyu-kids-mart.vercel.app/media/AgACAgQAAyEGAAMBBKoeyQADVmpCbPUKhYk9JVHhh4kQpDjjWt-GAAJED2sbNU8RUmIE1Pc85mS-AQADAgADeAADPAQ,,false,1
83,70,https://liyu-kids-mart.vercel.app/media/AgACAgQAAyEGAAMBBKoeyQADV2pCbn4PA3GilyyaAhYD4QkmQipcAAJKD2sbNU8RUjPUjzIJZjAUAQADAgADeAADPAQ,,true,0
84,71,https://liyu-kids-mart.vercel.app/media/AgACAgQAAyEGAAMBBKoeyQADWGpCbxjcrhmUy9cvMtW5mW48kPVCAAJLD2sbNU8RUjS0Pqw8ia9pAQADAgADeAADPAQ,,true,0
85,72,https://liyu-kids-mart.vercel.app/media/AgACAgQAAyEGAAMBBKoeyQADWWpCcEX5b4MpzB-a3f4ksdUIjHrDAAJND2sbNU8RUmDttYwp3ZsEAQADAgADeAADPAQ,,true,0
86,73,https://liyu-kids-mart.vercel.app/media/AgACAgQAAyEGAAMBBKoeyQADWmpCcTaWAbv9kj0TdIr2JgJeDg9KAAJPD2sbNU8RUqEFsr2hVu9bAQADAgADbQADPAQ,,true,0
87,74,https://liyu-kids-mart.vercel.app/media/AgACAgQAAyEGAAMBBKoeyQADQ2pCVmEMto61oE7RdwX6psVS8RVvAAIiD2sbNU8RUtk3U_N3Kd1pAQADAgADeAADPAQ,,true,0
88,75,https://liyu-kids-mart.vercel.app/media/AgACAgQAAyEGAAMBBKoeyQADXGpCcuIMFHhpKDPaOZtMtFbAEAlTAAJWD2sbNU8RUmVXiCuRQUK8AQADAgADeQADPAQ,,true,0
89,76,https://liyu-kids-mart.vercel.app/media/AgACAgQAAyEGAAMBBKoeyQADXWpCdH7cYF3YjPyobKLhGB6oMHe3AAJ6D2sbNU8RUuDIT-Qbo5ENAQADAgADeAADPAQ,,true,0
90,76,https://liyu-kids-mart.vercel.app/media/AgACAgQAAyEGAAMBBKoeyQADXmpCdH81mcbhZqE3ZPdLoDUkq06ZAAJ7D2sbNU8RUst52o_CpyAQAQADAgADeAADPAQ,,false,1
91,77,https://liyu-kids-mart.vercel.app/media/AgACAgQAAyEGAAMBBKoeyQADX2pCdtRey8zcGF8gnwvxC-yMgZRkAAJ8D2sbNU8RUmWCsZx7BMr7AQADAgADeQADPAQ,,true,0
92,78,https://liyu-kids-mart.vercel.app/media/AgACAgQAAyEGAAMBBKoeyQADYGpCeYmatTVQWoKxSEeLA-B0WCmOAAKBD2sbNU8RUhKnlP9bVsLVAQADAgADdwADPAQ,,true,0
93,78,https://liyu-kids-mart.vercel.app/media/AgACAgQAAyEGAAMBBKoeyQADYWpCeYkSuI4kmgJyyyXZKcYO0qnlAAKCD2sbNU8RUoEYgNQMgx7pAQADAgADdwADPAQ,,false,1
94,78,https://liyu-kids-mart.vercel.app/media/AgACAgQAAyEGAAMBBKoeyQADYmpCeYrmZmDN3Uyq0mjxOmzYFb1_AAKDD2sbNU8RUmHnY1fzft6wAQADAgADeAADPAQ,,false,2
95,79,https://liyu-kids-mart.vercel.app/media/AgACAgQAAyEGAAMBBKoeyQADY2pCe-iSYAQUHfIDJoIHnX1pIxY3AAKLD2sbNU8RUk_fGIrb7_tbAQADAgADeAADPAQ,,true,0
96,81,https://liyu-kids-mart.vercel.app/media/AgACAgQAAyEGAAMBBKoeyQADZGpCfX21vzRbM6QyozKSUuFYSoUyAAKMD2sbNU8RUvjRV6WQSXAkAQADAgADeAADPAQ,,true,0
97,82,https://liyu-kids-mart.vercel.app/media/AgACAgQAAyEGAAMBBKoeyQADZWpCf1iqAAHA2I4mRZy8cb7w6yZKZgAClA9rGzVPEVKJ8pR5ErO-MwEAAwIAA3gAAzwE,,true,0
98,80,https://liyu-kids-mart.vercel.app/media/AgACAgQAAyEGAAMBBKoeyQADZmpCf44XT68sCAQBPZ4sbgMVhd5TAAKWD2sbNU8RUoxTGKWNJmF3AQADAgADeQADPAQ,,true,0
99,83,https://liyu-kids-mart.vercel.app/media/AgACAgQAAyEGAAMBBKoeyQADZ2pCgRqJU1UyCYdSr6MUxso7ReIYAAKdD2sbNU8RUkLhndnmwabZAQADAgADeAADPAQ,,true,0
100,83,https://liyu-kids-mart.vercel.app/media/AgACAgQAAyEGAAMBBKoeyQADaGpCgRtFncoSDNwX6U9iMaCzvgZ5AAKeD2sbNU8RUpnGfZw_RNBBAQADAgADeAADPAQ,,false,1
101,83,https://liyu-kids-mart.vercel.app/media/AgACAgQAAyEGAAMBBKoeyQADaWpCgRuetVHkEx2ByQJUwtC7chuLAAKfD2sbNU8RUlVQVCSB-zZuAQADAgADeAADPAQ,,false,2
102,84,https://liyu-kids-mart.vercel.app/media/AgACAgQAAyEGAAMBBKoeyQADampCgsdQ9Wa8EScmqeAOxKoQkUjCAAKlD2sbNU8RUizLc1Qm8PgTAQADAgADeAADPAQ,,true,0
103,85,https://liyu-kids-mart.vercel.app/media/AgACAgQAAyEGAAMBBKoeyQADa2pChCd2296SlExvxOrjNbGWFmY0AAKnD2sbNU8RUg9kz1ewoDBCAQADAgADeAADPAQ,,true,0
104,85,https://liyu-kids-mart.vercel.app/media/AgACAgQAAyEGAAMBBKoeyQADbGpChCirvrDvAWRqs4YsGqTqLTfFAAKoD2sbNU8RUqsWIGw_yzXkAQADAgADeQADPAQ,,false,1